id,url,header,address,area,rooms,bathrooms,garages,amenities,price,condo,crawled_at
2515357153,https://www.vivareal.com.br/imovel/apartamento-2-quartos-jardim-esplanada-bairros-sao-jose-dos-campos-com-garagem-55m2-aluguel-RS1990-id-2515357153/,"Apartamento com 2 Quartos para Aluguel, 55m²","Rua Professor Roberval Froes, 490 - Jardim Esplanada, São José dos Campos - SP",55,2 Quartos,1 Banheiro,2 Vagas,"Mobiliado
Elevador
Salão de festas
Academia
Condomínio fechado",R$ 1.990 /mês,R$ 350,2021-05-14 08:40
2518814787,https://www.vivareal.com.br/imovel/apartamento-2-quartos-vila-tesouro-bairros-sao-jose-dos-campos-com-garagem-47m2-aluguel-RS850-id-2518814787/,"Apartamento com 2 Quartos para Aluguel, 47m²","Estrada Municipal Martins Guimarães, 1201 - Vila Tesouro, São José dos Campos - SP",47,2 Quartos,1 Banheiro,1 Vaga,"Área de serviço
Churrasqueira
Salão de festas
Academia
Condomínio fechado",R$ 850 /mês,R$ 250,2021-05-14 08:40
2486921454,https://www.vivareal.com.br/imovel/apartamento-2-quartos-parque-industrial-bairros-sao-jose-dos-campos-com-garagem-50m2-venda-RS238000-id-2486921454/,Apartamento com 2 Quartos para Venda/Aluguel 50m²,"Rua Icatu - Parque Industrial, São José dos Campos - SP",50,2 Quartos,1 Banheiro,1 Vaga,"Piscina
Área de serviço
Churrasqueira
Interfone","R$ 1.200 /mês
R$ 238.000",R$ 332,2021-05-14 08:40
2518588996,https://www.vivareal.com.br/imovel/apartamento-2-quartos-parque-residencial-aquarius-bairros-sao-jose-dos-campos-com-garagem-84m2-aluguel-RS2000-id-2518588996/,"Apartamento com 2 Quartos para Aluguel, 84m²","Parque Residencial Aquarius, São José dos Campos - SP",84,2 Quartos,2 Banheiros,1 Vaga,,R$ 2.000 /mês,R$ 490,2021-05-14 08:40
2518283572,https://www.vivareal.com.br/imovel/apartamento-2-quartos-parque-residencial-aquarius-bairros-sao-jose-dos-campos-com-garagem-75m2-aluguel-RS2600-id-2518283572/,"Apartamento com 2 Quartos para Aluguel, 75m²","Parque Residencial Aquarius, São José dos Campos - SP",75,2 Quartos,2 Banheiros,2 Vagas,"Elevador
Piscina
Área de serviço
Churrasqueira
Salão de festas",R$ 2.600 /mês,R$ 532,2021-05-14 08:40
2518838157,https://www.vivareal.com.br/imovel/apartamento-2-quartos-jardim-oriente-bairros-sao-jose-dos-campos-com-garagem-64m2-aluguel-RS1500-id-2518838157/,"Apartamento com 2 Quartos para Aluguel, 64m²","Rua Tottoni, 576 - Jardim Oriente, São José dos Campos - SP",64,2 Quartos,2 Banheiros,1 Vaga,Vista para o mar,R$ 1.500 /mês,R$ 290,2021-05-14 08:40
2518589687,https://www.vivareal.com.br/imovel/apartamento-2-quartos-parque-residencial-aquarius-bairros-sao-jose-dos-campos-com-garagem-87m2-aluguel-RS2000-id-2518589687/,"Apartamento com 2 Quartos para Aluguel, 87m²","Parque Residencial Aquarius, São José dos Campos - SP",87,2 Quartos,2 Banheiros,1 Vaga,,R$ 2.000 /mês,R$ 400,2021-05-14 08:40
2504587496,https://www.vivareal.com.br/imovel/apartamento-2-quartos-vila-adyana-bairros-sao-jose-dos-campos-com-garagem-70m2-aluguel-RS1600-id-2504587496/,"Apartamento com 2 Quartos para Aluguel, 70m²","Rua Major Francisco de Paula Elias - Vila Adyana, São José dos Campos - SP",70,2 Quartos,2 Banheiros,2 Vagas,"Elevador
Salão de festas
Ar-condicionado
Condomínio fechado",R$ 1.600 /mês,R$ 600,2021-05-14 08:40
2518858825,https://www.vivareal.com.br/imovel/apartamento-3-quartos-vila-adyana-bairros-sao-jose-dos-campos-com-garagem-100m2-aluguel-RS1400-id-2518858825/,"Apartamento com 3 Quartos para Aluguel, 100m²","Vila Adyana, São José dos Campos - SP",100,3 Quartos,2 Banheiros,1 Vaga,,R$ 1.400 /mês,R$ 640,2021-05-14 08:40
2515204397,https://www.vivareal.com.br/imovel/apartamento-2-quartos-jardim-sao-dimas-bairros-sao-jose-dos-campos-com-garagem-70m2-venda-RS220000-id-2515204397/,Apartamento com 2 Quartos à Venda/Aluguel 70m²,"Jardim São Dimas, São José dos Campos - SP",70,2 Quartos,1 Banheiro,1 Vaga,"Churrasqueira
Salão de festas
Playground
Jardim","R$ 890 /mês
R$ 220.000",R$ 450,2021-05-14 08:40
2518916943,https://www.vivareal.com.br/imovel/apartamento-3-quartos-vila-adyana-bairros-sao-jose-dos-campos-com-garagem-134m2-aluguel-RS3500-id-2518916943/,"Apartamento com 3 Quartos para Aluguel, 134m²","Rua Pedro de Toledo - Vila Adyana, São José dos Campos - SP",134,3 Quartos,4 Banheiros,2 Vagas,"Elevador
Piscina
Churrasqueira
Salão de festas
Academia",R$ 3.500 /mês,R$ 700,2021-05-14 08:40
2515804980,https://www.vivareal.com.br/imovel/apartamento-3-quartos-parque-residencial-aquarius-bairros-sao-jose-dos-campos-com-garagem-93m2-venda-RS500000-id-2515804980/,Apartamento com 3 Quartos para Venda/Aluguel 93m²,"Rua Armando de Oliveira Cobra - Parque Residencial Aquarius, São José dos Campos - SP",93,3 Quartos,2 Banheiros,2 Vagas,"Piscina
Área de serviço
Churrasqueira
Varanda
Quadra poliesportiva","R$ 2.700 /mês
R$ 500.000",R$ 650,2021-05-14 08:40
2516247076,https://www.vivareal.com.br/imovel/apartamento-2-quartos-conjunto-residencial-trinta-e-um-de-marco-bairros-sao-jose-dos-campos-com-garagem-90m2-aluguel-RS2350-id-2516247076/,"Apartamento com 2 Quartos para Aluguel, 90m²","Rua Icatu, 300 - Conjunto Residencial Trinta e Um de Março, São José dos Campos - SP",90,2 Quartos,1 Banheiro,2 Vagas,"Elevador
Piscina
Área de serviço
Churrasqueira
Varanda",R$ 2.350 /mês,R$ 419,2021-05-14 08:40
2515635075,https://www.vivareal.com.br/imovel/apartamento-2-quartos-vila-adyana-bairros-sao-jose-dos-campos-com-garagem-72m2-aluguel-RS2500-id-2515635075/,"Apartamento com 2 Quartos para Aluguel, 72m²","Rua Coronel José Domingues de Vasconcelos - Vila Adyana, São José dos Campos - SP",72,2 Quartos,2 Banheiros,2 Vagas,"Piscina
Área de serviço
Churrasqueira
Sauna
Interfone",R$ 2.500 /mês,R$ 495,2021-05-14 08:40
2509626614,https://www.vivareal.com.br/imovel/apartamento-3-quartos-jardim-esplanada-bairros-sao-jose-dos-campos-com-garagem-133m2-venda-RS1060000-id-2509626614/,Apartamento com 3 Quartos para Venda/Aluguel 133m²,"Avenida São João, 500 - Jardim Esplanada, São José dos Campos - SP",133,3 Quartos,1 Banheiro,2 Vagas,"Elevador
Piscina
Área de serviço
Churrasqueira
Varanda","R$ 4.190 /mês
R$ 1.060.000",R$ 680,2021-05-14 08:40
2504673596,https://www.vivareal.com.br/imovel/apartamento-2-quartos-condominio-royal-park-bairros-sao-jose-dos-campos-com-garagem-78m2-aluguel-RS2500-id-2504673596/,"Apartamento com 2 Quartos para Aluguel, 78m²","Rua Jesus Garcia - Condomínio Royal Park, São José dos Campos - SP",78,2 Quartos,2 Banheiros,2 Vagas,"Elevador
Piscina
Churrasqueira
Salão de festas
Playground",R$ 2.500 /mês,R$ 450,2021-05-14 08:40
2516405471,https://www.vivareal.com.br/imovel/apartamento-2-quartos-parque-interlagos-bairros-sao-jose-dos-campos-com-garagem-38m2-aluguel-RS800-id-2516405471/,"Apartamento com 2 Quartos para Aluguel, 38m²","Rua Waldemar Teixeira - Parque Interlagos, São José dos Campos - SP",38,2 Quartos,1 Banheiro,1 Vaga,"Churrasqueira
Salão de festas
Playground
Vigia
Salão de jogos",R$ 800 /mês,R$ 298,2021-05-14 08:40
2514348775,https://www.vivareal.com.br/imovel/apartamento-4-quartos-jardim-esplanada-bairros-sao-jose-dos-campos-com-garagem-157m2-aluguel-RS5000-id-2514348775/,"Apartamento com 4 Quartos para Aluguel, 157m²","Rua Laurent Martins, 479 - Jardim Esplanada, São José dos Campos - SP",157,4 Quartos,4 Banheiros,2 Vagas,"Elevador
Piscina
Churrasqueira
Salão de festas
Playground",R$ 5.000 /mês,R$ 750,2021-05-14 08:40
2519745047,https://www.vivareal.com.br/imovel/apartamento-3-quartos-parque-industrial-bairros-sao-jose-dos-campos-com-garagem-68m2-aluguel-RS1100-id-2519745047/,"Apartamento com 3 Quartos para Aluguel, 68m²","Rua José Cobra, 302 - Parque Industrial, São José dos Campos - SP",68,3 Quartos,2 Banheiros,1 Vaga,,R$ 1.100 /mês,R$ 492,2021-05-14 08:40
2518707083,https://www.vivareal.com.br/imovel/apartamento-1-quartos-jardim-sao-dimas-bairros-sao-jose-dos-campos-40m2-aluguel-RS600-id-2518707083/,"Apartamento com Quarto para Aluguel, 40m²","Rua Paraibuna, 150 - Jardim São Dimas, São José dos Campos - SP",40,1 Quarto,1 Banheiro,-- Vaga,Aceita animais,R$ 600 /mês,R$ 270,2021-05-14 08:40
2518821343,https://www.vivareal.com.br/imovel/apartamento-2-quartos-jardim-aquarius-bairros-sao-jose-dos-campos-com-garagem-70m2-aluguel-RS1600-id-2518821343/,"Apartamento com 2 Quartos para Aluguel, 70m²","Rua das Piabas, 130 - Jardim Aquarius, São José dos Campos - SP",70,2 Quartos,2 Banheiros,1 Vaga,"Elevador
Piscina
Área de serviço
Churrasqueira
Salão de festas",R$ 1.600 /mês,R$ 530,2021-05-14 08:40
2519587975,https://www.vivareal.com.br/imovel/apartamento-3-quartos-parque-residencial-aquarius-bairros-sao-jose-dos-campos-com-garagem-220m2-venda-RS1815000-id-2519587975/,Apartamento com 3 Quartos à Venda/Aluguel 220m²,"Parque Residencial Aquarius, São José dos Campos - SP",220,3 Quartos,3 Banheiros,4 Vagas,"Elevador
Piscina
Churrasqueira
Salão de festas
Playground","R$ 8.155 /mês
R$ 1.815.000",R$ 1.500,2021-05-14 08:40
2517847979,https://www.vivareal.com.br/imovel/apartamento-4-quartos-bosque-dos-eucaliptos-bairros-sao-jose-dos-campos-com-garagem-125m2-aluguel-RS2300-id-2517847979/,"Apartamento com 4 Quartos para Aluguel, 125m²","Avenida Cidade Jardim - Bosque dos Eucaliptos, São José dos Campos - SP",125,4 Quartos,1 Banheiro,2 Vagas,"Elevador
Piscina
Churrasqueira
Salão de festas
Playground",R$ 2.300 /mês,R$ 680,2021-05-14 08:40
2519047832,https://www.vivareal.com.br/imovel/apartamento-3-quartos-jardim-esplanada-bairros-sao-jose-dos-campos-com-garagem-176m2-aluguel-RS3000-id-2519047832/,"Apartamento com 3 Quartos para Aluguel, 176m²","Avenida São João - Jardim Esplanada, São José dos Campos - SP",176,3 Quartos,2 Banheiros,2 Vagas,"Mobiliado
Elevador
Piscina
Salão de festas
Quadra poliesportiva",R$ 3.000 /mês,R$ 1.300,2021-05-14 08:40
2516600705,https://www.vivareal.com.br/imovel/apartamento-2-quartos-jardim-aquarius-bairros-sao-jose-dos-campos-com-garagem-79m2-aluguel-RS2600-id-2516600705/,"Apartamento com 2 Quartos para Aluguel, 79m²","Rua das Baleias, 55 - Jardim Aquarius, São José dos Campos - SP",79,2 Quartos,2 Banheiros,2 Vagas,"Piscina
Churrasqueira
Quadra poliesportiva
Varanda gourmet
Interfone",R$ 2.600 /mês,R$ 640,2021-05-14 08:40
2516412281,https://www.vivareal.com.br/imovel/apartamento-2-quartos-jardim-america-bairros-sao-jose-dos-campos-com-garagem-51m2-aluguel-RS800-id-2516412281/,"Apartamento com 2 Quartos para Aluguel, 51m²","Rua Mar Del Plata - Jardim América, São José dos Campos - SP",51,2 Quartos,1 Banheiro,1 Vaga,"Área de serviço
Condomínio fechado
Cozinha",R$ 800 /mês,R$ 280,2021-05-14 08:40
2515489502,https://www.vivareal.com.br/imovel/apartamento-2-quartos-jardim-aquarius-bairros-sao-jose-dos-campos-com-garagem-62m2-aluguel-RS2700-id-2515489502/,"Apartamento com 2 Quartos para Aluguel, 62m²","Avenida do Tubarão - Jardim Aquarius, São José dos Campos - SP",62,2 Quartos,2 Banheiros,2 Vagas,"Mobiliado
Piscina
Área de serviço
Churrasqueira
Salão de festas",R$ 2.700 /mês,R$ 529,2021-05-14 08:40
2503195282,https://www.vivareal.com.br/imovel/apartamento-2-quartos-urbanova-bairros-sao-jose-dos-campos-com-garagem-55m2-aluguel-RS1400-id-2503195282/,"Apartamento com 2 Quartos para Aluguel, 55m²","Avenida Shishima Hifumi, 3310 - Urbanova, São José dos Campos - SP",55,2 Quartos,1 Banheiro,1 Vaga,"Cozinha
Garagem",R$ 1.400 /mês,R$ 220,2021-05-14 08:40
2518488390,https://www.vivareal.com.br/imovel/apartamento-2-quartos-jardim-aquarius-bairros-sao-jose-dos-campos-com-garagem-80m2-aluguel-RS2400-id-2518488390/,"Apartamento com 2 Quartos para Aluguel, 80m²","Rua Jesus Garcia, 111 - Jardim Aquarius, São José dos Campos - SP",80,2 Quartos,2 Banheiros,1 Vaga,,R$ 2.400 /mês,R$ 372,2021-05-14 08:40
2518088420,https://www.vivareal.com.br/imovel/apartamento-3-quartos-jardim-das-colinas-bairros-sao-jose-dos-campos-com-garagem-278m2-aluguel-RS11000-id-2518088420/,"Apartamento com 3 Quartos para Aluguel, 278m²","Jardim das Colinas, São José dos Campos - SP",278,3 Quartos,4 Banheiros,4 Vagas,,R$ 11.000 /mês,R$ 1.000,2021-05-14 08:40
2518073076,https://www.vivareal.com.br/imovel/apartamento-1-quartos-vila-adyana-bairros-sao-jose-dos-campos-com-garagem-45m2-aluguel-RS600-id-2518073076/,"Apartamento com Quarto para Aluguel, 45m²","Vila Adyana, São José dos Campos - SP",45,1 Quarto,1 Banheiro,1 Vaga,,R$ 600 /mês,R$ 600,2021-05-14 08:40
2517976269,https://www.vivareal.com.br/imovel/apartamento-2-quartos-parque-industrial-bairros-sao-jose-dos-campos-com-garagem-70m2-aluguel-RS1380-id-2517976269/,"Apartamento com 2 Quartos para Aluguel, 70m²","Parque Industrial, São José dos Campos - SP",70,2 Quartos,2 Banheiros,1 Vaga,,R$ 1.380 /mês,R$ 375,2021-05-14 08:40
2517224071,https://www.vivareal.com.br/imovel/apartamento-1-quartos-jardim-sao-dimas-bairros-sao-jose-dos-campos-com-garagem-50m2-aluguel-RS900-id-2517224071/,"Apartamento com Quarto para Aluguel, 50m²","Jardim São Dimas, São José dos Campos - SP",50,1 Quarto,1 Banheiro,1 Vaga,"Mobiliado
Elevador
Área de serviço
Varanda
Cozinha",R$ 900 /mês,R$ 360,2021-05-14 08:40
2505302561,https://www.vivareal.com.br/imovel/apartamento-3-quartos-jardim-esplanada-bairros-sao-jose-dos-campos-com-garagem-125m2-aluguel-RS4250-id-2505302561/,"Apartamento com 3 Quartos para Aluguel, 125m²","Avenida São João, 349 - Jardim Esplanada, São José dos Campos - SP",125,3 Quartos,4 Banheiros,3 Vagas,,R$ 4.250 /mês,,2021-05-14 08:40
2511778522,https://www.vivareal.com.br/imovel/apartamento-3-quartos-jardim-america-bairros-sao-jose-dos-campos-com-garagem-70m2-aluguel-RS1600-id-2511778522/,"Apartamento com 3 Quartos para Aluguel, 70m²","Rua Koichi Matsumura, 103 - Jardim América, São José dos Campos - SP",70,3 Quartos,1 Banheiro,2 Vagas,,R$ 1.600 /mês,R$ 467,2021-05-14 08:40
2515875574,https://www.vivareal.com.br/imovel/apartamento-2-quartos-parque-residencial-aquarius-bairros-sao-jose-dos-campos-com-garagem-75m2-aluguel-RS2000-id-2515875574/,"Apartamento com 2 Quartos para Aluguel, 75m²","Parque Residencial Aquarius, São José dos Campos - SP",75,2 Quartos,2 Banheiros,2 Vagas,,R$ 2.000 /mês,R$ 550,2021-05-14 08:40
2518009025,https://www.vivareal.com.br/imovel/apartamento-3-quartos-vila-adyana-bairros-sao-jose-dos-campos-com-garagem-70m2-aluguel-RS10000-id-2518009025/,"Apartamento com 3 Quartos para Aluguel, 70m²","Vila Adyana, São José dos Campos - SP",70,3 Quartos,5 Banheiros,4 Vagas,,R$ 10.000 /mês,R$ 2.500,2021-05-14 08:40
2508285177,https://www.vivareal.com.br/imovel/apartamento-2-quartos-eugenio-de-melo-bairros-sao-jose-dos-campos-com-garagem-37m2-aluguel-RS700-id-2508285177/,"Apartamento com 2 Quartos para Aluguel, 37m²","Eugênio de Melo, São José dos Campos - SP",37,2 Quartos,1 Banheiro,1 Vaga,,R$ 700 /mês,R$ 270,2021-05-14 08:40
2517460476,https://www.vivareal.com.br/imovel/apartamento-3-quartos-vila-sanches-bairros-sao-jose-dos-campos-com-garagem-91m2-aluguel-RS2180-id-2517460476/,"Apartamento com 3 Quartos para Aluguel, 91m²","Vila Sanches, São José dos Campos - SP",91,3 Quartos,3 Banheiros,1 Vaga,,R$ 2.180 /mês,R$ 430,2021-05-14 08:40
2519920044,https://www.vivareal.com.br/imovel/apartamento-2-quartos-floradas-de-sao-jose-bairros-sao-jose-dos-campos-com-garagem-70m2-aluguel-RS850-id-2519920044/,"Apartamento com 2 Quartos para Aluguel, 70m²","Floradas de São José, São José dos Campos - SP",70,2 Quartos,1 Banheiro,1 Vaga,,R$ 850 /mês,R$ 248,2021-05-14 08:40
2518008421,https://www.vivareal.com.br/imovel/apartamento-3-quartos-jardim-america-bairros-sao-jose-dos-campos-com-garagem-70m2-aluguel-RS1574-id-2518008421/,"Apartamento com 3 Quartos para Aluguel, 70m²","Jardim América, São José dos Campos - SP",70,3 Quartos,2 Banheiros,1 Vaga,,R$ 1.574 /mês,R$ 406,2021-05-14 08:40
2519635864,https://www.vivareal.com.br/imovel/apartamento-2-quartos-parque-residencial-aquarius-bairros-sao-jose-dos-campos-com-garagem-77m2-aluguel-RS2350-id-2519635864/,"Apartamento com 2 Quartos para Aluguel, 77m²","Parque Residencial Aquarius, São José dos Campos - SP",77,2 Quartos,2 Banheiros,1 Vaga,,R$ 2.350 /mês,R$ 372,2021-05-14 08:40
2518842979,https://www.vivareal.com.br/imovel/apartamento-2-quartos-conjunto-residencial-galo-branco-bairros-sao-jose-dos-campos-com-garagem-47m2-aluguel-RS900-id-2518842979/,"Apartamento com 2 Quartos para Aluguel, 47m²","Conjunto Residencial Galo Branco, São José dos Campos - SP",47,2 Quartos,1 Banheiro,1 Vaga,,R$ 900 /mês,R$ 230,2021-05-14 08:40
2518238414,https://www.vivareal.com.br/imovel/apartamento-1-quartos-parque-residencial-aquarius-bairros-sao-jose-dos-campos-com-garagem-50m2-aluguel-RS3000-id-2518238414/,"Apartamento com Quarto para Aluguel, 50m²","Parque Residencial Aquarius, São José dos Campos - SP",50,1 Quarto,2 Banheiros,2 Vagas,,R$ 3.000 /mês,R$ 373,2021-05-14 08:40
2519827087,https://www.vivareal.com.br/imovel/apartamento-3-quartos-vila-ema-bairros-sao-jose-dos-campos-com-garagem-65m2-aluguel-RS1850-id-2519827087/,"Apartamento com 3 Quartos para Aluguel, 65m²","Vila Ema, São José dos Campos - SP",65,3 Quartos,2 Banheiros,1 Vaga,,R$ 1.850 /mês,R$ 400,2021-05-14 08:40
2518009812,https://www.vivareal.com.br/imovel/apartamento-2-quartos-jardim-das-paineiras-ii-bairros-sao-jose-dos-campos-com-garagem-49m2-aluguel-RS710-id-2518009812/,"Apartamento com 2 Quartos para Aluguel, 49m²","Jardim das Paineiras II, São José dos Campos - SP",49,2 Quartos,1 Banheiro,1 Vaga,,R$ 710 /mês,R$ 150,2021-05-14 08:40
2518008413,https://www.vivareal.com.br/imovel/apartamento-1-quartos-jardim-sao-dimas-bairros-sao-jose-dos-campos-com-garagem-45m2-aluguel-RS1250-id-2518008413/,"Apartamento com Quarto para Aluguel, 45m²","Jardim São Dimas, São José dos Campos - SP",45,1 Quarto,1 Banheiro,1 Vaga,,R$ 1.250 /mês,R$ 790,2021-05-14 08:40
2518008965,https://www.vivareal.com.br/imovel/apartamento-2-quartos-vila-iracema-bairros-sao-jose-dos-campos-com-garagem-45m2-aluguel-RS700-id-2518008965/,"Apartamento com 2 Quartos para Aluguel, 45m²","Vila Iracema, São José dos Campos - SP",45,2 Quartos,1 Banheiro,1 Vaga,,R$ 700 /mês,R$ 277,2021-05-14 08:40
2518010176,https://www.vivareal.com.br/imovel/apartamento-1-quartos-jardim-aparecida-bairros-sao-jose-dos-campos-com-garagem-42m2-aluguel-RS1100-id-2518010176/,"Apartamento com Quarto para Aluguel, 42m²","Jardim Aparecida, São José dos Campos - SP",42,1 Quarto,1 Banheiro,1 Vaga,,R$ 1.100 /mês,R$ 500,2021-05-14 08:40
2518008049,https://www.vivareal.com.br/imovel/apartamento-1-quartos-jardim-oswaldo-cruz-bairros-sao-jose-dos-campos-com-garagem-40m2-aluguel-RS1800-id-2518008049/,"Apartamento com Quarto para Aluguel, 40m²","Jardim Oswaldo Cruz, São José dos Campos - SP",40,1 Quarto,1 Banheiro,1 Vaga,,R$ 1.800 /mês,R$ 241,2021-05-14 08:40
2483585318,https://www.vivareal.com.br/imovel/apartamento-2-quartos-parque-nova-esperanca-bairros-sao-jose-dos-campos-com-garagem-44m2-aluguel-RS700-id-2483585318/,"Apartamento com 2 Quartos para Aluguel, 44m²","Parque Nova Esperança, São José dos Campos - SP",44,2 Quartos,1 Banheiro,1 Vaga,,R$ 700 /mês,R$ 213,2021-05-14 08:40
2518009793,https://www.vivareal.com.br/imovel/apartamento-2-quartos-jardim-america-bairros-sao-jose-dos-campos-com-garagem-48m2-aluguel-RS1000-id-2518009793/,"Apartamento com 2 Quartos para Aluguel, 48m²","Jardim América, São José dos Campos - SP",48,2 Quartos,1 Banheiro,1 Vaga,,R$ 1.000 /mês,R$ 380,2021-05-14 08:40
2519529187,https://www.vivareal.com.br/imovel/apartamento-3-quartos-cidade-morumbi-bairros-sao-jose-dos-campos-com-garagem-73m2-aluguel-RS1100-id-2519529187/,"Apartamento com 3 Quartos para Aluguel, 73m²","Cidade Morumbi, São José dos Campos - SP",73,3 Quartos,1 Banheiro,1 Vaga,,R$ 1.100 /mês,R$ 400,2021-05-14 08:40
2518007766,https://www.vivareal.com.br/imovel/apartamento-2-quartos-jardim-santa-ines-ii-bairros-sao-jose-dos-campos-com-garagem-70m2-aluguel-RS670-id-2518007766/,"Apartamento com 2 Quartos para Aluguel, 70m²","Jardim Santa Inês II, São José dos Campos - SP",70,2 Quartos,1 Banheiro,1 Vaga,,R$ 670 /mês,R$ 240,2021-05-14 08:40
2518238716,https://www.vivareal.com.br/imovel/apartamento-2-quartos-parque-residencial-aquarius-bairros-sao-jose-dos-campos-com-garagem-70m2-aluguel-RS3800-id-2518238716/,"Apartamento com 2 Quartos para Aluguel, 70m²","Parque Residencial Aquarius, São José dos Campos - SP",70,2 Quartos,2 Banheiros,1 Vaga,,R$ 3.800 /mês,R$ 373,2021-05-14 08:40
2518008660,https://www.vivareal.com.br/imovel/apartamento-2-quartos-jardim-nova-michigan-bairros-sao-jose-dos-campos-com-garagem-48m2-aluguel-RS800-id-2518008660/,"Apartamento com 2 Quartos para Aluguel, 48m²","Jardim Nova Michigan, São José dos Campos - SP",48,2 Quartos,1 Banheiro,1 Vaga,,R$ 800 /mês,R$ 250,2021-05-14 08:40
2517759391,https://www.vivareal.com.br/imovel/apartamento-3-quartos-vila-ema-bairros-sao-jose-dos-campos-com-garagem-70m2-aluguel-RS4900-id-2517759391/,"Apartamento com 3 Quartos para Aluguel, 70m²","Vila Ema, São José dos Campos - SP",70,3 Quartos,5 Banheiros,4 Vagas,,R$ 4.900 /mês,R$ 1.200,2021-05-14 08:40
2518008639,https://www.vivareal.com.br/imovel/apartamento-2-quartos-parque-residencial-aquarius-bairros-sao-jose-dos-campos-com-garagem-70m2-aluguel-RS2300-id-2518008639/,"Apartamento com 2 Quartos para Aluguel, 70m²","Parque Residencial Aquarius, São José dos Campos - SP",70,2 Quartos,2 Banheiros,1 Vaga,,R$ 2.300 /mês,R$ 380,2021-05-14 08:40
2518009802,https://www.vivareal.com.br/imovel/apartamento-2-quartos-parque-residencial-aquarius-bairros-sao-jose-dos-campos-com-garagem-77m2-aluguel-RS2350-id-2518009802/,"Apartamento com 2 Quartos para Aluguel, 77m²","Parque Residencial Aquarius, São José dos Campos - SP",77,2 Quartos,2 Banheiros,1 Vaga,,R$ 2.350 /mês,R$ 372,2021-05-14 08:40
2518009022,https://www.vivareal.com.br/imovel/apartamento-2-quartos-centro-bairros-sao-jose-dos-campos-70m2-aluguel-RS1800-id-2518009022/,"Apartamento com 2 Quartos para Aluguel, 70m²","Centro, São José dos Campos - SP",70,2 Quartos,2 Banheiros,-- Vaga,,R$ 1.800 /mês,R$ 580,2021-05-14 08:40
2518008926,https://www.vivareal.com.br/imovel/apartamento-2-quartos-vila-adyana-bairros-sao-jose-dos-campos-com-garagem-76m2-aluguel-RS2160-id-2518008926/,"Apartamento com 2 Quartos para Aluguel, 76m²","Vila Adyana, São José dos Campos - SP",76,2 Quartos,3 Banheiros,1 Vaga,,R$ 2.160 /mês,R$ 656,2021-05-14 08:40
2517296624,https://www.vivareal.com.br/imovel/apartamento-2-quartos-monte-castelo-bairros-sao-jose-dos-campos-com-garagem-70m2-aluguel-RS1550-id-2517296624/,"Apartamento com 2 Quartos para Aluguel, 70m²","Monte Castelo, São José dos Campos - SP",70,2 Quartos,1 Banheiro,1 Vaga,,R$ 1.550 /mês,,2021-05-14 08:40
2518008002,https://www.vivareal.com.br/imovel/apartamento-2-quartos-jardim-esplanada-ii-bairros-sao-jose-dos-campos-com-garagem-65m2-aluguel-RS1800-id-2518008002/,"Apartamento com 2 Quartos para Aluguel, 65m²","Jardim Esplanada II, São José dos Campos - SP",65,2 Quartos,1 Banheiro,2 Vagas,,R$ 1.800 /mês,R$ 351,2021-05-14 08:40
2518008648,https://www.vivareal.com.br/imovel/apartamento-2-quartos-jardim-sao-jose-ii-bairros-sao-jose-dos-campos-com-garagem-70m2-aluguel-RS750-id-2518008648/,"Apartamento com 2 Quartos para Aluguel, 70m²","Jardim Sao Jose II, São José dos Campos - SP",70,2 Quartos,1 Banheiro,1 Vaga,,R$ 750 /mês,R$ 190,2021-05-14 08:40
2518009041,https://www.vivareal.com.br/imovel/apartamento-2-quartos-monte-castelo-bairros-sao-jose-dos-campos-com-garagem-70m2-aluguel-RS900-id-2518009041/,"Apartamento com 2 Quartos para Aluguel, 70m²","Monte Castelo, São José dos Campos - SP",70,2 Quartos,1 Banheiro,1 Vaga,,R$ 900 /mês,R$ 350,2021-05-14 08:40
2517297386,https://www.vivareal.com.br/imovel/apartamento-2-quartos-residencial-frei-galvao-bairros-sao-jose-dos-campos-com-garagem-70m2-aluguel-RS1100-id-2517297386/,"Apartamento com 2 Quartos para Aluguel, 70m²","Residencial Frei Galvao, São José dos Campos - SP",70,2 Quartos,1 Banheiro,1 Vaga,,R$ 1.100 /mês,R$ 280,2021-05-14 08:40
2517451098,https://www.vivareal.com.br/imovel/apartamento-2-quartos-jardim-das-industrias-bairros-sao-jose-dos-campos-com-garagem-70m2-aluguel-RS2900-id-2517451098/,"Apartamento com 2 Quartos para Aluguel, 70m²","Jardim das Indústrias, São José dos Campos - SP",70,2 Quartos,2 Banheiros,2 Vagas,,R$ 2.900 /mês,R$ 474,2021-05-14 08:40
2518009988,https://www.vivareal.com.br/imovel/apartamento-2-quartos-jardim-torrao-de-ouro-bairros-sao-jose-dos-campos-com-garagem-38m2-aluguel-RS600-id-2518009988/,"Apartamento com 2 Quartos para Aluguel, 38m²","Jardim Torrao De Ouro, São José dos Campos - SP",38,2 Quartos,1 Banheiro,1 Vaga,,R$ 600 /mês,R$ 300,2021-05-14 08:40
2518010173,https://www.vivareal.com.br/imovel/apartamento-2-quartos-jardim-santa-ines-iii-bairros-sao-jose-dos-campos-com-garagem-57m2-aluguel-RS600-id-2518010173/,"Apartamento com 2 Quartos para Aluguel, 57m²","Jardim Santa Inês III, São José dos Campos - SP",57,2 Quartos,1 Banheiro,1 Vaga,,R$ 600 /mês,R$ 200,2021-05-14 08:40
2518008412,https://www.vivareal.com.br/imovel/apartamento-2-quartos-parque-nova-esperanca-bairros-sao-jose-dos-campos-com-garagem-70m2-aluguel-RS780-id-2518008412/,"Apartamento com 2 Quartos para Aluguel, 70m²","Parque Nova Esperança, São José dos Campos - SP",70,2 Quartos,1 Banheiro,1 Vaga,,R$ 780 /mês,R$ 190,2021-05-14 08:40
2518009592,https://www.vivareal.com.br/imovel/apartamento-2-quartos-centro-bairros-sao-jose-dos-campos-70m2-aluguel-RS800-id-2518009592/,"Apartamento com 2 Quartos para Aluguel, 70m²","Centro, São José dos Campos - SP",70,2 Quartos,2 Banheiros,-- Vaga,,R$ 800 /mês,R$ 630,2021-05-14 08:40
2518009017,https://www.vivareal.com.br/imovel/apartamento-2-quartos-parque-residencial-flamboyant-bairros-sao-jose-dos-campos-com-garagem-70m2-aluguel-RS1250-id-2518009017/,"Apartamento com 2 Quartos para Aluguel, 70m²","Parque Residencial Flamboyant, São José dos Campos - SP",70,2 Quartos,1 Banheiro,1 Vaga,,R$ 1.250 /mês,R$ 250,2021-05-14 08:40
